,x,Y analytical,Y calc
0,0.5,0.25,0.2497897865142774
1,1.0,Nan,0.9871348981254806
